time,minute,engine_pid,engine_rss_kb,engine_threads,app_alive,app_procs,running,api_ok,api_seqno,explorer_http,phantom_kills,battery,temp_c
2026-10-11T04:10:02Z,0,15831,11552,16,1,22,4,1,98272965,200,0,35,29.0
2026-10-11T04:11:01Z,1,15831,11552,16,1,22,4,1,98273114,200,0,35,29.0
2026-10-11T04:12:02Z,2,15831,8736,16,1,22,4,1,98273261,200,0,35,29.0
2026-10-11T04:13:04Z,3,15831,8864,16,1,22,4,1,98273410,200,0,35,28.9
2026-10-11T04:14:03Z,4,15831,8992,16,1,22,4,1,98273548,200,0,36,28.9
2026-10-11T04:15:03Z,5,15831,8992,16,1,22,4,1,98273694,200,0,36,28.9
2026-10-11T04:16:03Z,6,15831,9376,16,1,22,4,1,98273841,200,0,36,28.9
2026-10-11T04:17:03Z,7,15831,9376,16,1,22,4,1,98273978,200,0,36,28.9
2026-10-11T04:18:03Z,8,15831,9376,16,1,22,4,1,98274124,200,0,36,28.8
2026-10-11T04:19:02Z,9,15831,9376,16,1,22,4,1,98274269,200,0,36,28.9
2026-10-11T04:20:03Z,10,15831,9376,16,1,22,4,1,98274414,200,0,36,28.9
2026-10-11T04:21:03Z,11,15831,9376,16,1,22,4,1,98274558,200,0,36,28.9
2026-10-11T04:22:02Z,12,15831,9376,16,1,22,4,1,98274702,200,0,36,28.9
2026-10-11T04:23:03Z,13,15831,9504,16,1,22,4,1,98274852,200,0,37,28.9
2026-10-11T04:24:02Z,14,15831,9504,16,1,22,4,1,98274999,200,0,37,28.8
2026-10-11T04:25:03Z,15,15831,9632,16,1,22,4,1,98275145,200,0,37,28.8
2026-10-11T04:26:03Z,16,15831,9632,16,1,22,4,1,98275293,200,0,37,28.8
2026-10-11T04:27:02Z,17,15831,9628,16,1,22,4,1,98275442,200,0,37,28.8
2026-10-11T04:28:03Z,18,15831,9628,16,1,22,4,1,98275588,200,0,37,28.8
2026-10-11T04:29:02Z,19,15831,9628,16,1,22,4,1,98275732,200,0,37,28.8
2026-10-11T04:30:03Z,20,15831,7196,16,1,22,4,1,98275880,200,0,37,28.8
2026-10-11T04:31:02Z,21,15831,8860,16,1,22,4,1,98276024,200,0,37,28.8
2026-10-11T04:32:01Z,22,15831,8988,16,1,22,4,1,98276165,200,0,37,28.8
2026-10-11T04:33:02Z,23,15831,7452,16,1,22,4,1,98276315,200,0,37,28.8
2026-10-11T04:34:03Z,24,15831,7452,16,1,22,4,1,98276459,200,0,38,28.8
2026-10-11T04:35:03Z,25,15831,7580,16,1,22,4,1,98276603,200,0,38,28.8
2026-10-11T04:36:04Z,26,15831,7580,16,1,22,4,1,98276751,200,0,38,28.9
2026-10-11T04:37:03Z,27,15831,7580,16,1,22,4,1,98276895,200,0,38,28.9
2026-10-11T04:38:03Z,28,15831,7580,16,1,22,4,1,98277043,200,0,38,28.9
2026-10-11T04:39:03Z,29,15831,7580,16,1,22,4,1,98277187,200,0,38,28.9
2026-10-11T04:40:01Z,30,15831,6428,16,1,22,4,1,98277329,200,0,38,29.0
2026-10-11T04:41:03Z,31,15831,7196,16,1,22,4,1,98277481,200,0,38,29.0
2026-10-11T04:42:03Z,32,15831,7196,16,1,22,4,1,98277622,200,0,38,29.0
2026-10-11T04:43:03Z,33,15831,7452,16,1,22,4,1,98277764,200,0,39,29.0
2026-10-11T04:44:03Z,34,15831,7452,16,1,22,4,1,98277910,200,0,39,29.0
2026-10-11T04:45:02Z,35,15831,7580,16,1,22,4,1,98278052,200,0,39,29.0
2026-10-11T04:46:03Z,36,15831,7580,16,1,22,4,1,98278198,200,0,39,29.0
2026-10-11T04:47:03Z,37,15831,7580,16,1,22,4,1,98278348,200,0,39,29.0
2026-10-11T04:48:04Z,38,15831,7452,16,1,22,4,1,98278495,200,0,39,29.0
2026-10-11T04:49:03Z,39,15831,7452,16,1,22,4,1,98278636,200,0,39,29.0
2026-10-11T04:50:04Z,40,15831,7452,16,1,22,4,1,98278782,200,0,39,29.0
2026-10-11T04:51:04Z,41,15831,7452,16,1,22,4,1,98278930,200,0,40,29.0
2026-10-11T04:52:04Z,42,15831,7452,16,1,22,4,1,98279072,200,0,40,29.0
2026-10-11T04:53:02Z,43,15831,7452,16,1,22,4,1,98279210,200,0,40,29.0
2026-10-11T04:54:03Z,44,15831,7452,16,1,22,4,1,98279358,200,0,40,28.9
2026-10-11T04:55:03Z,45,15831,7452,16,1,22,4,1,98279507,200,0,40,28.9
2026-10-11T04:56:04Z,46,15831,7452,16,1,22,4,1,98279655,200,0,40,29.0
2026-10-11T04:57:04Z,47,15831,7452,16,1,22,4,1,98279803,200,0,40,29.0
2026-10-11T04:58:03Z,48,15831,7452,16,1,22,4,1,98279940,200,0,40,29.0
2026-10-11T04:59:02Z,49,15831,5916,16,1,22,4,1,98280083,200,0,40,29.0
2026-10-11T05:00:04Z,50,15831,6044,16,1,22,4,1,98280235,200,0,41,29.0
2026-10-11T05:01:04Z,51,15831,6940,16,1,22,4,1,98280379,200,0,41,29.0
2026-10-11T05:02:03Z,52,15831,6940,16,1,22,4,1,98280527,200,0,41,29.0
2026-10-11T05:03:04Z,53,15831,5276,16,1,22,4,1,98280669,200,0,41,29.0
2026-10-11T05:04:03Z,54,15831,5404,16,1,22,4,1,98280819,200,0,41,29.0
2026-10-11T05:05:04Z,55,15831,6300,16,1,22,4,1,98280967,200,0,41,29.1
2026-10-11T05:06:05Z,56,15831,6300,16,1,22,4,1,98281115,200,0,41,29.1
2026-10-11T05:07:05Z,57,15831,6556,16,1,22,4,1,98281257,200,0,41,29.1
2026-10-11T05:08:05Z,58,15831,6556,16,1,22,4,1,98281399,200,0,41,29.1
2026-10-11T05:09:05Z,59,15831,6556,16,1,22,4,1,98281539,200,0,41,29.1
2026-10-11T05:10:05Z,60,15831,6556,16,1,22,4,1,98281687,200,0,42,29.1
